{
    "Users": [
        {
            "Index": 0,
            "UserID": "admin",
            "Password": "",
            "Enable": true,
            "VideoProfileAccess": true,
            "AudioInAccess": true,
            "AudioOutAccess": true,
            "AlarmOutputAccess": true,
            "AdminAccess": true,
            "PrivacyAreaAccess": true,
            "VideoProfileSettingAccess": true,
            "ImageSettingAccess": true,
            "VideoSetupAccess": true,
            "FocusSetupAccess": true,
            "PlayBackAccess": true
        },
        {
            "Index": 1,
            "UserID": "user1",
            "Password": "",
            "Enable": false,
            "VideoProfileAccess": false,
            "AudioInAccess": false,
            "AudioOutAccess": false,
            "AlarmOutputAccess": false,
            "AdminAccess": false,
            "PrivacyAreaAccess": false,
            "VideoProfileSettingAccess": false,
            "ImageSettingAccess": false,
            "VideoSetupAccess": false,
            "FocusSetupAccess": false,
            "PlayBackAccess": false
        },
        {
            "Index": 2,
            "UserID": "user2",
            "Password": "",
            "Enable": false,
            "VideoProfileAccess": false,
            "AudioInAccess": false,
            "AudioOutAccess": false,
            "AlarmOutputAccess": false,
            "AdminAccess": false,
            "PrivacyAreaAccess": false,
            "VideoProfileSettingAccess": false,
            "ImageSettingAccess": false,
            "VideoSetupAccess": false,
            "FocusSetupAccess": false,
            "PlayBackAccess": false
        },
        {
            "Index": 3,
            "UserID": "user3",
            "Password": "",
            "Enable": false,
            "VideoProfileAccess": false,
            "AudioInAccess": false,
            "AudioOutAccess": false,
            "AlarmOutputAccess": false,
            "AdminAccess": false,
            "PrivacyAreaAccess": false,
            "VideoProfileSettingAccess": false,
            "ImageSettingAccess": false,
            "VideoSetupAccess": false,
            "FocusSetupAccess": false,
            "PlayBackAccess": false
        },
        {
            "Index": 4,
            "UserID": "user4",
            "Password": "",
            "Enable": false,
            "VideoProfileAccess": false,
            "AudioInAccess": false,
            "AudioOutAccess": false,
            "AlarmOutputAccess": false,
            "AdminAccess": false,
            "PrivacyAreaAccess": false,
            "VideoProfileSettingAccess": false,
            "ImageSettingAccess": false,
            "VideoSetupAccess": false,
            "FocusSetupAccess": false,
            "PlayBackAccess": false
        },
        {
            "Index": 5,
            "UserID": "user5",
            "Password": "",
            "Enable": false,
            "VideoProfileAccess": false,
            "AudioInAccess": false,
            "AudioOutAccess": false,
            "AlarmOutputAccess": false,
            "AdminAccess": false,
            "PrivacyAreaAccess": false,
            "VideoProfileSettingAccess": false,
            "ImageSettingAccess": false,
            "VideoSetupAccess": false,
            "FocusSetupAccess": false,
            "PlayBackAccess": false
        },
        {
            "Index": 6,
            "UserID": "user6",
            "Password": "",
            "Enable": false,
            "VideoProfileAccess": false,
            "AudioInAccess": false,
            "AudioOutAccess": false,
            "AlarmOutputAccess": false,
            "AdminAccess": false,
            "PrivacyAreaAccess": false,
            "VideoProfileSettingAccess": false,
            "ImageSettingAccess": false,
            "VideoSetupAccess": false,
            "FocusSetupAccess": false,
            "PlayBackAccess": false
        },
        {
            "Index": 7,
            "UserID": "user7",
            "Password": "",
            "Enable": false,
            "VideoProfileAccess": false,
            "AudioInAccess": false,
            "AudioOutAccess": false,
            "AlarmOutputAccess": false,
            "AdminAccess": false,
            "PrivacyAreaAccess": false,
            "VideoProfileSettingAccess": false,
            "ImageSettingAccess": false,
            "VideoSetupAccess": false,
            "FocusSetupAccess": false,
            "PlayBackAccess": false
        },
        {
            "Index": 8,
            "UserID": "user8",
            "Password": "",
            "Enable": false,
            "VideoProfileAccess": false,
            "AudioInAccess": false,
            "AudioOutAccess": false,
            "AlarmOutputAccess": false,
            "AdminAccess": false,
            "PrivacyAreaAccess": false,
            "VideoProfileSettingAccess": false,
            "ImageSettingAccess": false,
            "VideoSetupAccess": false,
            "FocusSetupAccess": false,
            "PlayBackAccess": false
        },
        {
            "Index": 9,
            "UserID": "user9",
            "Password": "",
            "Enable": false,
            "VideoProfileAccess": false,
            "AudioInAccess": false,
            "AudioOutAccess": false,
            "AlarmOutputAccess": false,
            "AdminAccess": false,
            "PrivacyAreaAccess": false,
            "VideoProfileSettingAccess": false,
            "ImageSettingAccess": false,
            "VideoSetupAccess": false,
            "FocusSetupAccess": false,
            "PlayBackAccess": false
        },
        {
            "Index": 10,
            "UserID": "user10",
            "Password": "",
            "Enable": false,
            "VideoProfileAccess": false,
            "AudioInAccess": false,
            "AudioOutAccess": false,
            "AlarmOutputAccess": false,
            "AdminAccess": false,
            "PrivacyAreaAccess": false,
            "VideoProfileSettingAccess": false,
            "ImageSettingAccess": false,
            "VideoSetupAccess": false,
            "FocusSetupAccess": false,
            "PlayBackAccess": false
        }
    ]
}