{
    "VideoCodecInfo": [
        {
            "Channel": 0,
            "ViewModes": [
                {
                    "ViewMode": "Overview",
                    "Codecs": [
                        {
                            "EncodingType": "MJPEG",
                            "IsDigitalPTZSupported": false,
                            "General": [
                                {
                                    "Width": 3840,
                                    "Height": 2160,
                                    "MaxFPS": 5000,
                                    "DefaultFPS": 5000,
                                    "MaxCBRTargetBitrate": 30720,
                                    "MinCBRTargetBitrate": 4096,
                                    "DefaultCBRTargetBitrate": 12288,
                                    "MaxVBRTargetBitrate": 30720,
                                    "MinVBRTargetBitrate": 4096,
                                    "DefaultVBRTargetBitrate": 12288,
                                    "IsTruncated": "Normal",
                                    "MinFPS": 1000
                                },
                                {
                                    "Width": 3328,
                                    "Height": 1872,
                                    "MaxFPS": 5000,
                                    "DefaultFPS": 5000,
                                    "MaxCBRTargetBitrate": 30720,
                                    "MinCBRTargetBitrate": 4096,
                                    "DefaultCBRTargetBitrate": 12288,
                                    "MaxVBRTargetBitrate": 30720,
                                    "MinVBRTargetBitrate": 4096,
                                    "DefaultVBRTargetBitrate": 12288,
                                    "IsTruncated": "Normal",
                                    "MinFPS": 1000
                                },
                                {
                                    "Width": 3072,
                                    "Height": 1728,
                                    "MaxFPS": 5000,
                                    "DefaultFPS": 5000,
                                    "MaxCBRTargetBitrate": 30720,
                                    "MinCBRTargetBitrate": 4096,
                                    "DefaultCBRTargetBitrate": 12288,
                                    "MaxVBRTargetBitrate": 30720,
                                    "MinVBRTargetBitrate": 4096,
                                    "DefaultVBRTargetBitrate": 12288,
                                    "IsTruncated": "Normal",
                                    "MinFPS": 1000
                                },
                                {
                                    "Width": 2592,
                                    "Height": 1944,
                                    "MaxFPS": 5000,
                                    "DefaultFPS": 5000,
                                    "MaxCBRTargetBitrate": 30720,
                                    "MinCBRTargetBitrate": 3072,
                                    "DefaultCBRTargetBitrate": 10240,
                                    "MaxVBRTargetBitrate": 30720,
                                    "MinVBRTargetBitrate": 3072,
                                    "DefaultVBRTargetBitrate": 10240,
                                    "IsTruncated": "Crop",
                                    "MinFPS": 1000
                                },
                                {
                                    "Width": 2688,
                                    "Height": 1520,
                                    "MaxFPS": 5000,
                                    "DefaultFPS": 5000,
                                    "MaxCBRTargetBitrate": 30720,
                                    "MinCBRTargetBitrate": 3072,
                                    "DefaultCBRTargetBitrate": 10240,
                                    "MaxVBRTargetBitrate": 30720,
                                    "MinVBRTargetBitrate": 3072,
                                    "DefaultVBRTargetBitrate": 10240,
                                    "IsTruncated": "Crop",
                                    "MinFPS": 1000
                                },
                                {
                                    "Width": 1920,
                                    "Height": 1080,
                                    "MaxFPS": 25000,
                                    "DefaultFPS": 15000,
                                    "MaxCBRTargetBitrate": 30720,
                                    "MinCBRTargetBitrate": 2048,
                                    "DefaultCBRTargetBitrate": 10240,
                                    "MaxVBRTargetBitrate": 30720,
                                    "MinVBRTargetBitrate": 2048,
                                    "DefaultVBRTargetBitrate": 10240,
                                    "IsTruncated": "Normal",
                                    "MinFPS": 1000
                                },
                                {
                                    "Width": 1600,
                                    "Height": 1200,
                                    "MaxFPS": 25000,
                                    "DefaultFPS": 15000,
                                    "MaxCBRTargetBitrate": 30720,
                                    "MinCBRTargetBitrate": 2048,
                                    "DefaultCBRTargetBitrate": 10240,
                                    "MaxVBRTargetBitrate": 30720,
                                    "MinVBRTargetBitrate": 2048,
                                    "DefaultVBRTargetBitrate": 10240,
                                    "IsTruncated": "Crop",
                                    "MinFPS": 1000
                                },
                                {
                                    "Width": 1280,
                                    "Height": 1024,
                                    "MaxFPS": 25000,
                                    "DefaultFPS": 15000,
                                    "MaxCBRTargetBitrate": 30720,
                                    "MinCBRTargetBitrate": 1024,
                                    "DefaultCBRTargetBitrate": 10240,
                                    "MaxVBRTargetBitrate": 30720,
                                    "MinVBRTargetBitrate": 1024,
                                    "DefaultVBRTargetBitrate": 10240,
                                    "IsTruncated": "Crop",
                                    "MinFPS": 1000
                                },
                                {
                                    "Width": 1280,
                                    "Height": 960,
                                    "MaxFPS": 25000,
                                    "DefaultFPS": 15000,
                                    "MaxCBRTargetBitrate": 30720,
                                    "MinCBRTargetBitrate": 1024,
                                    "DefaultCBRTargetBitrate": 10240,
                                    "MaxVBRTargetBitrate": 30720,
                                    "MinVBRTargetBitrate": 1024,
                                    "DefaultVBRTargetBitrate": 10240,
                                    "IsTruncated": "Crop",
                                    "MinFPS": 1000
                                },
                                {
                                    "Width": 1280,
                                    "Height": 720,
                                    "MaxFPS": 25000,
                                    "DefaultFPS": 15000,
                                    "MaxCBRTargetBitrate": 30720,
                                    "MinCBRTargetBitrate": 1024,
                                    "DefaultCBRTargetBitrate": 10240,
                                    "MaxVBRTargetBitrate": 30720,
                                    "MinVBRTargetBitrate": 1024,
                                    "DefaultVBRTargetBitrate": 10240,
                                    "IsTruncated": "Normal",
                                    "MinFPS": 1000
                                },
                                {
                                    "Width": 1024,
                                    "Height": 768,
                                    "MaxFPS": 25000,
                                    "DefaultFPS": 15000,
                                    "MaxCBRTargetBitrate": 30720,
                                    "MinCBRTargetBitrate": 1024,
                                    "DefaultCBRTargetBitrate": 10240,
                                    "MaxVBRTargetBitrate": 30720,
                                    "MinVBRTargetBitrate": 1024,
                                    "DefaultVBRTargetBitrate": 10240,
                                    "IsTruncated": "Crop",
                                    "MinFPS": 1000
                                },
                                {
                                    "Width": 800,
                                    "Height": 600,
                                    "MaxFPS": 25000,
                                    "DefaultFPS": 15000,
                                    "MaxCBRTargetBitrate": 30720,
                                    "MinCBRTargetBitrate": 512,
                                    "DefaultCBRTargetBitrate": 10240,
                                    "MaxVBRTargetBitrate": 30720,
                                    "MinVBRTargetBitrate": 512,
                                    "DefaultVBRTargetBitrate": 10240,
                                    "IsTruncated": "Crop",
                                    "MinFPS": 1000
                                },
                                {
                                    "Width": 800,
                                    "Height": 448,
                                    "MaxFPS": 25000,
                                    "DefaultFPS": 15000,
                                    "MaxCBRTargetBitrate": 30720,
                                    "MinCBRTargetBitrate": 512,
                                    "DefaultCBRTargetBitrate": 10240,
                                    "MaxVBRTargetBitrate": 30720,
                                    "MinVBRTargetBitrate": 512,
                                    "DefaultVBRTargetBitrate": 10240,
                                    "IsTruncated": "Normal",
                                    "MinFPS": 1000
                                },
                                {
                                    "Width": 720,
                                    "Height": 576,
                                    "MaxFPS": 25000,
                                    "DefaultFPS": 15000,
                                    "MaxCBRTargetBitrate": 30720,
                                    "MinCBRTargetBitrate": 512,
                                    "DefaultCBRTargetBitrate": 10240,
                                    "MaxVBRTargetBitrate": 30720,
                                    "MinVBRTargetBitrate": 512,
                                    "DefaultVBRTargetBitrate": 10240,
                                    "IsTruncated": "Crop",
                                    "MinFPS": 1000
                                },
                                {
                                    "Width": 720,
                                    "Height": 480,
                                    "MaxFPS": 25000,
                                    "DefaultFPS": 15000,
                                    "MaxCBRTargetBitrate": 30720,
                                    "MinCBRTargetBitrate": 512,
                                    "DefaultCBRTargetBitrate": 10240,
                                    "MaxVBRTargetBitrate": 30720,
                                    "MinVBRTargetBitrate": 512,
                                    "DefaultVBRTargetBitrate": 10240,
                                    "IsTruncated": "Crop",
                                    "MinFPS": 1000
                                },
                                {
                                    "Width": 640,
                                    "Height": 480,
                                    "MaxFPS": 25000,
                                    "DefaultFPS": 15000,
                                    "MaxCBRTargetBitrate": 30720,
                                    "MinCBRTargetBitrate": 512,
                                    "DefaultCBRTargetBitrate": 10240,
                                    "MaxVBRTargetBitrate": 30720,
                                    "MinVBRTargetBitrate": 512,
                                    "DefaultVBRTargetBitrate": 10240,
                                    "IsTruncated": "Crop",
                                    "MinFPS": 1000
                                },
                                {
                                    "Width": 640,
                                    "Height": 360,
                                    "MaxFPS": 25000,
                                    "DefaultFPS": 15000,
                                    "MaxCBRTargetBitrate": 30720,
                                    "MinCBRTargetBitrate": 512,
                                    "DefaultCBRTargetBitrate": 10240,
                                    "MaxVBRTargetBitrate": 30720,
                                    "MinVBRTargetBitrate": 512,
                                    "DefaultVBRTargetBitrate": 10240,
                                    "IsTruncated": "Normal",
                                    "MinFPS": 1000
                                },
                                {
                                    "Width": 320,
                                    "Height": 240,
                                    "MaxFPS": 25000,
                                    "DefaultFPS": 15000,
                                    "MaxCBRTargetBitrate": 30720,
                                    "MinCBRTargetBitrate": 256,
                                    "DefaultCBRTargetBitrate": 10240,
                                    "MaxVBRTargetBitrate": 30720,
                                    "MinVBRTargetBitrate": 256,
                                    "DefaultVBRTargetBitrate": 10240,
                                    "IsTruncated": "Crop",
                                    "MinFPS": 1000
                                }
                            ],
                            "Record": [
                                {
                                    "Width": 3840,
                                    "Height": 2160,
                                    "MaxFPS": 1000,
                                    "DefaultFPS": 1000,
                                    "MinCBRTargetBitrate": 4096,
                                    "MaxCBRTargetBitrate": 6144,
                                    "DefaultCBRTargetBitrate": 6144,
                                    "MinVBRTargetBitrate": 4096,
                                    "MaxVBRTargetBitrate": 6144,
                                    "DefaultVBRTargetBitrate": 6144
                                },
                                {
                                    "Width": 3328,
                                    "Height": 1872,
                                    "MaxFPS": 1000,
                                    "DefaultFPS": 1000,
                                    "MinCBRTargetBitrate": 4096,
                                    "MaxCBRTargetBitrate": 6144,
                                    "DefaultCBRTargetBitrate": 6144,
                                    "MinVBRTargetBitrate": 4096,
                                    "MaxVBRTargetBitrate": 6144,
                                    "DefaultVBRTargetBitrate": 6144
                                },
                                {
                                    "Width": 3072,
                                    "Height": 1728,
                                    "MaxFPS": 1000,
                                    "DefaultFPS": 1000,
                                    "MinCBRTargetBitrate": 4096,
                                    "MaxCBRTargetBitrate": 6144,
                                    "DefaultCBRTargetBitrate": 6144,
                                    "MinVBRTargetBitrate": 4096,
                                    "MaxVBRTargetBitrate": 6144,
                                    "DefaultVBRTargetBitrate": 6144
                                },
                                {
                                    "Width": 2592,
                                    "Height": 1944,
                                    "MaxFPS": 1000,
                                    "DefaultFPS": 1000,
                                    "MinCBRTargetBitrate": 3072,
                                    "MaxCBRTargetBitrate": 6144,
                                    "DefaultCBRTargetBitrate": 6144,
                                    "MinVBRTargetBitrate": 3072,
                                    "MaxVBRTargetBitrate": 6144,
                                    "DefaultVBRTargetBitrate": 6144
                                },
                                {
                                    "Width": 2688,
                                    "Height": 1520,
                                    "MaxFPS": 1000,
                                    "DefaultFPS": 1000,
                                    "MinCBRTargetBitrate": 3072,
                                    "MaxCBRTargetBitrate": 6144,
                                    "DefaultCBRTargetBitrate": 6144,
                                    "MinVBRTargetBitrate": 3072,
                                    "MaxVBRTargetBitrate": 6144,
                                    "DefaultVBRTargetBitrate": 6144
                                },
                                {
                                    "Width": 1920,
                                    "Height": 1080,
                                    "MaxFPS": 2000,
                                    "DefaultFPS": 2000,
                                    "MinCBRTargetBitrate": 2048,
                                    "MaxCBRTargetBitrate": 6144,
                                    "DefaultCBRTargetBitrate": 6144,
                                    "MinVBRTargetBitrate": 2048,
                                    "MaxVBRTargetBitrate": 6144,
                                    "DefaultVBRTargetBitrate": 6144
                                },
                                {
                                    "Width": 1600,
                                    "Height": 1200,
                                    "MaxFPS": 2000,
                                    "DefaultFPS": 2000,
                                    "MinCBRTargetBitrate": 2048,
                                    "MaxCBRTargetBitrate": 6144,
                                    "DefaultCBRTargetBitrate": 6144,
                                    "MinVBRTargetBitrate": 2048,
                                    "MaxVBRTargetBitrate": 6144,
                                    "DefaultVBRTargetBitrate": 6144
                                },
                                {
                                    "Width": 1280,
                                    "Height": 1024,
                                    "MaxFPS": 3000,
                                    "DefaultFPS": 3000,
                                    "MinCBRTargetBitrate": 1024,
                                    "MaxCBRTargetBitrate": 6144,
                                    "DefaultCBRTargetBitrate": 6144,
                                    "MinVBRTargetBitrate": 1024,
                                    "MaxVBRTargetBitrate": 6144,
                                    "DefaultVBRTargetBitrate": 6144
                                },
                                {
                                    "Width": 1280,
                                    "Height": 960,
                                    "MaxFPS": 3000,
                                    "DefaultFPS": 3000,
                                    "MinCBRTargetBitrate": 1024,
                                    "MaxCBRTargetBitrate": 6144,
                                    "DefaultCBRTargetBitrate": 6144,
                                    "MinVBRTargetBitrate": 1024,
                                    "MaxVBRTargetBitrate": 6144,
                                    "DefaultVBRTargetBitrate": 6144
                                },
                                {
                                    "Width": 1280,
                                    "Height": 720,
                                    "MaxFPS": 3000,
                                    "DefaultFPS": 3000,
                                    "MinCBRTargetBitrate": 1024,
                                    "MaxCBRTargetBitrate": 6144,
                                    "DefaultCBRTargetBitrate": 6144,
                                    "MinVBRTargetBitrate": 1024,
                                    "MaxVBRTargetBitrate": 6144,
                                    "DefaultVBRTargetBitrate": 6144
                                },
                                {
                                    "Width": 1024,
                                    "Height": 768,
                                    "MaxFPS": 3000,
                                    "DefaultFPS": 3000,
                                    "MinCBRTargetBitrate": 1024,
                                    "MaxCBRTargetBitrate": 6144,
                                    "DefaultCBRTargetBitrate": 6144,
                                    "MinVBRTargetBitrate": 1024,
                                    "MaxVBRTargetBitrate": 6144,
                                    "DefaultVBRTargetBitrate": 6144
                                },
                                {
                                    "Width": 800,
                                    "Height": 600,
                                    "MaxFPS": 5000,
                                    "DefaultFPS": 5000,
                                    "MinCBRTargetBitrate": 512,
                                    "MaxCBRTargetBitrate": 6144,
                                    "DefaultCBRTargetBitrate": 6144,
                                    "MinVBRTargetBitrate": 512,
                                    "MaxVBRTargetBitrate": 6144,
                                    "DefaultVBRTargetBitrate": 6144
                                },
                                {
                                    "Width": 800,
                                    "Height": 448,
                                    "MaxFPS": 5000,
                                    "DefaultFPS": 5000,
                                    "MinCBRTargetBitrate": 512,
                                    "MaxCBRTargetBitrate": 6144,
                                    "DefaultCBRTargetBitrate": 6144,
                                    "MinVBRTargetBitrate": 512,
                                    "MaxVBRTargetBitrate": 6144,
                                    "DefaultVBRTargetBitrate": 6144
                                },
                                {
                                    "Width": 720,
                                    "Height": 576,
                                    "MaxFPS": 5000,
                                    "DefaultFPS": 5000,
                                    "MinCBRTargetBitrate": 512,
                                    "MaxCBRTargetBitrate": 6144,
                                    "DefaultCBRTargetBitrate": 6144,
                                    "MinVBRTargetBitrate": 512,
                                    "MaxVBRTargetBitrate": 6144,
                                    "DefaultVBRTargetBitrate": 6144
                                },
                                {
                                    "Width": 720,
                                    "Height": 480,
                                    "MaxFPS": 5000,
                                    "DefaultFPS": 5000,
                                    "MinCBRTargetBitrate": 512,
                                    "MaxCBRTargetBitrate": 6144,
                                    "DefaultCBRTargetBitrate": 6144,
                                    "MinVBRTargetBitrate": 512,
                                    "MaxVBRTargetBitrate": 6144,
                                    "DefaultVBRTargetBitrate": 6144
                                },
                                {
                                    "Width": 640,
                                    "Height": 480,
                                    "MaxFPS": 5000,
                                    "DefaultFPS": 5000,
                                    "MinCBRTargetBitrate": 512,
                                    "MaxCBRTargetBitrate": 6144,
                                    "DefaultCBRTargetBitrate": 6144,
                                    "MinVBRTargetBitrate": 512,
                                    "MaxVBRTargetBitrate": 6144,
                                    "DefaultVBRTargetBitrate": 6144
                                },
                                {
                                    "Width": 640,
                                    "Height": 360,
                                    "MaxFPS": 5000,
                                    "DefaultFPS": 5000,
                                    "MinCBRTargetBitrate": 512,
                                    "MaxCBRTargetBitrate": 6144,
                                    "DefaultCBRTargetBitrate": 6144,
                                    "MinVBRTargetBitrate": 512,
                                    "MaxVBRTargetBitrate": 6144,
                                    "DefaultVBRTargetBitrate": 6144
                                },
                                {
                                    "Width": 320,
                                    "Height": 240,
                                    "MaxFPS": 5000,
                                    "DefaultFPS": 5000,
                                    "MinCBRTargetBitrate": 256,
                                    "MaxCBRTargetBitrate": 6144,
                                    "DefaultCBRTargetBitrate": 6144,
                                    "MinVBRTargetBitrate": 256,
                                    "MaxVBRTargetBitrate": 6144,
                                    "DefaultVBRTargetBitrate": 6144
                                }
                            ],
                            "Email": [
                                {
                                    "Width": 3840,
                                    "Height": 2160,
                                    "MaxFPS": 5000,
                                    "DefaultFPS": 5000
                                },
                                {
                                    "Width": 3328,
                                    "Height": 1872,
                                    "MaxFPS": 5000,
                                    "DefaultFPS": 5000
                                },
                                {
                                    "Width": 3072,
                                    "Height": 1728,
                                    "MaxFPS": 5000,
                                    "DefaultFPS": 5000
                                },
                                {
                                    "Width": 2592,
                                    "Height": 1944,
                                    "MaxFPS": 5000,
                                    "DefaultFPS": 5000
                                },
                                {
                                    "Width": 2688,
                                    "Height": 1520,
                                    "MaxFPS": 5000,
                                    "DefaultFPS": 5000
                                },
                                {
                                    "Width": 1920,
                                    "Height": 1080,
                                    "MaxFPS": 5000,
                                    "DefaultFPS": 5000
                                },
                                {
                                    "Width": 1600,
                                    "Height": 1200,
                                    "MaxFPS": 5000,
                                    "DefaultFPS": 5000
                                },
                                {
                                    "Width": 1280,
                                    "Height": 1024,
                                    "MaxFPS": 5000,
                                    "DefaultFPS": 5000
                                },
                                {
                                    "Width": 1280,
                                    "Height": 960,
                                    "MaxFPS": 5000,
                                    "DefaultFPS": 5000
                                },
                                {
                                    "Width": 1280,
                                    "Height": 720,
                                    "MaxFPS": 5000,
                                    "DefaultFPS": 5000
                                },
                                {
                                    "Width": 1024,
                                    "Height": 768,
                                    "MaxFPS": 5000,
                                    "DefaultFPS": 5000
                                },
                                {
                                    "Width": 800,
                                    "Height": 600,
                                    "MaxFPS": 5000,
                                    "DefaultFPS": 5000
                                },
                                {
                                    "Width": 800,
                                    "Height": 448,
                                    "MaxFPS": 5000,
                                    "DefaultFPS": 5000
                                },
                                {
                                    "Width": 720,
                                    "Height": 576,
                                    "MaxFPS": 5000,
                                    "DefaultFPS": 5000
                                },
                                {
                                    "Width": 720,
                                    "Height": 480,
                                    "MaxFPS": 5000,
                                    "DefaultFPS": 5000
                                },
                                {
                                    "Width": 640,
                                    "Height": 480,
                                    "MaxFPS": 5000,
                                    "DefaultFPS": 5000
                                },
                                {
                                    "Width": 640,
                                    "Height": 360,
                                    "MaxFPS": 5000,
                                    "DefaultFPS": 5000
                                },
                                {
                                    "Width": 320,
                                    "Height": 240,
                                    "MaxFPS": 5000,
                                    "DefaultFPS": 5000
                                }
                            ]
                        },
                        {
                            "EncodingType": "H264",
                            "IsDigitalPTZSupported": true,
                            "Compression": {
                                "DefaultCompressionLevel": 16,
                                "MinCompressionLevel": 0,
                                "MaxCompressionLevel": 50
                            },
                            "General": [
                                {
                                    "Width": 3840,
                                    "Height": 2160,
                                    "MaxFPS": 25000,
                                    "DefaultFPS": 25000,
                                    "MaxCBRTargetBitrate": 20480,
                                    "MinCBRTargetBitrate": 10,
                                    "DefaultCBRTargetBitrate": 12288,
                                    "MaxVBRTargetBitrate": 30720,
                                    "MinVBRTargetBitrate": 10,
                                    "DefaultVBRTargetBitrate": 12288,
                                    "IsTruncated": "Normal",
                                    "FrameLockMaxFPS": 25000,
                                    "MinFPS": 1000
                                },
                                {
                                    "Width": 3328,
                                    "Height": 1872,
                                    "MaxFPS": 25000,
                                    "DefaultFPS": 25000,
                                    "MaxCBRTargetBitrate": 20480,
                                    "MinCBRTargetBitrate": 10,
                                    "DefaultCBRTargetBitrate": 9216,
                                    "MaxVBRTargetBitrate": 30720,
                                    "MinVBRTargetBitrate": 10,
                                    "DefaultVBRTargetBitrate": 9216,
                                    "IsTruncated": "Normal",
                                    "FrameLockMaxFPS": 25000,
                                    "MinFPS": 1000
                                },
                                {
                                    "Width": 3072,
                                    "Height": 1728,
                                    "MaxFPS": 25000,
                                    "DefaultFPS": 25000,
                                    "MaxCBRTargetBitrate": 20480,
                                    "MinCBRTargetBitrate": 10,
                                    "DefaultCBRTargetBitrate": 9216,
                                    "MaxVBRTargetBitrate": 30720,
                                    "MinVBRTargetBitrate": 10,
                                    "DefaultVBRTargetBitrate": 9216,
                                    "IsTruncated": "Normal",
                                    "FrameLockMaxFPS": 25000,
                                    "MinFPS": 1000
                                },
                                {
                                    "Width": 2592,
                                    "Height": 1944,
                                    "MaxFPS": 25000,
                                    "DefaultFPS": 25000,
                                    "MaxCBRTargetBitrate": 20480,
                                    "MinCBRTargetBitrate": 10,
                                    "DefaultCBRTargetBitrate": 7680,
                                    "MaxVBRTargetBitrate": 30720,
                                    "MinVBRTargetBitrate": 10,
                                    "DefaultVBRTargetBitrate": 7680,
                                    "IsTruncated": "Crop",
                                    "FrameLockMaxFPS": 25000,
                                    "MinFPS": 1000
                                },
                                {
                                    "Width": 2688,
                                    "Height": 1520,
                                    "MaxFPS": 25000,
                                    "DefaultFPS": 25000,
                                    "MaxCBRTargetBitrate": 20480,
                                    "MinCBRTargetBitrate": 10,
                                    "DefaultCBRTargetBitrate": 7680,
                                    "MaxVBRTargetBitrate": 30720,
                                    "MinVBRTargetBitrate": 10,
                                    "DefaultVBRTargetBitrate": 7680,
                                    "IsTruncated": "Crop",
                                    "FrameLockMaxFPS": 25000,
                                    "MinFPS": 1000
                                },
                                {
                                    "Width": 1920,
                                    "Height": 1080,
                                    "MaxFPS": 25000,
                                    "DefaultFPS": 25000,
                                    "MaxCBRTargetBitrate": 20480,
                                    "MinCBRTargetBitrate": 10,
                                    "DefaultCBRTargetBitrate": 3072,
                                    "MaxVBRTargetBitrate": 30720,
                                    "MinVBRTargetBitrate": 10,
                                    "DefaultVBRTargetBitrate": 3072,
                                    "IsTruncated": "Normal",
                                    "FrameLockMaxFPS": 25000,
                                    "MinFPS": 1000
                                },
                                {
                                    "Width": 1600,
                                    "Height": 1200,
                                    "MaxFPS": 25000,
                                    "DefaultFPS": 25000,
                                    "MaxCBRTargetBitrate": 20480,
                                    "MinCBRTargetBitrate": 10,
                                    "DefaultCBRTargetBitrate": 3072,
                                    "MaxVBRTargetBitrate": 30720,
                                    "MinVBRTargetBitrate": 10,
                                    "DefaultVBRTargetBitrate": 3072,
                                    "IsTruncated": "Crop",
                                    "FrameLockMaxFPS": 25000,
                                    "MinFPS": 1000
                                },
                                {
                                    "Width": 1280,
                                    "Height": 1024,
                                    "MaxFPS": 25000,
                                    "DefaultFPS": 25000,
                                    "MaxCBRTargetBitrate": 20480,
                                    "MinCBRTargetBitrate": 10,
                                    "DefaultCBRTargetBitrate": 1536,
                                    "MaxVBRTargetBitrate": 30720,
                                    "MinVBRTargetBitrate": 10,
                                    "DefaultVBRTargetBitrate": 1536,
                                    "IsTruncated": "Crop",
                                    "FrameLockMaxFPS": 25000,
                                    "MinFPS": 1000
                                },
                                {
                                    "Width": 1280,
                                    "Height": 960,
                                    "MaxFPS": 25000,
                                    "DefaultFPS": 25000,
                                    "MaxCBRTargetBitrate": 20480,
                                    "MinCBRTargetBitrate": 10,
                                    "DefaultCBRTargetBitrate": 1536,
                                    "MaxVBRTargetBitrate": 30720,
                                    "MinVBRTargetBitrate": 10,
                                    "DefaultVBRTargetBitrate": 1536,
                                    "IsTruncated": "Crop",
                                    "FrameLockMaxFPS": 25000,
                                    "MinFPS": 1000
                                },
                                {
                                    "Width": 1280,
                                    "Height": 720,
                                    "MaxFPS": 25000,
                                    "DefaultFPS": 25000,
                                    "MaxCBRTargetBitrate": 20480,
                                    "MinCBRTargetBitrate": 10,
                                    "DefaultCBRTargetBitrate": 1536,
                                    "MaxVBRTargetBitrate": 30720,
                                    "MinVBRTargetBitrate": 10,
                                    "DefaultVBRTargetBitrate": 1536,
                                    "IsTruncated": "Normal",
                                    "FrameLockMaxFPS": 25000,
                                    "MinFPS": 1000
                                },
                                {
                                    "Width": 1024,
                                    "Height": 768,
                                    "MaxFPS": 25000,
                                    "DefaultFPS": 25000,
                                    "MaxCBRTargetBitrate": 20480,
                                    "MinCBRTargetBitrate": 10,
                                    "DefaultCBRTargetBitrate": 1536,
                                    "MaxVBRTargetBitrate": 30720,
                                    "MinVBRTargetBitrate": 10,
                                    "DefaultVBRTargetBitrate": 1536,
                                    "IsTruncated": "Crop",
                                    "FrameLockMaxFPS": 25000,
                                    "MinFPS": 1000
                                },
                                {
                                    "Width": 800,
                                    "Height": 600,
                                    "MaxFPS": 25000,
                                    "DefaultFPS": 25000,
                                    "MaxCBRTargetBitrate": 20480,
                                    "MinCBRTargetBitrate": 10,
                                    "DefaultCBRTargetBitrate": 1024,
                                    "MaxVBRTargetBitrate": 30720,
                                    "MinVBRTargetBitrate": 10,
                                    "DefaultVBRTargetBitrate": 1024,
                                    "IsTruncated": "Crop",
                                    "FrameLockMaxFPS": 25000,
                                    "MinFPS": 1000
                                },
                                {
                                    "Width": 800,
                                    "Height": 448,
                                    "MaxFPS": 25000,
                                    "DefaultFPS": 25000,
                                    "MaxCBRTargetBitrate": 20480,
                                    "MinCBRTargetBitrate": 10,
                                    "DefaultCBRTargetBitrate": 1024,
                                    "MaxVBRTargetBitrate": 30720,
                                    "MinVBRTargetBitrate": 10,
                                    "DefaultVBRTargetBitrate": 1024,
                                    "IsTruncated": "Normal",
                                    "FrameLockMaxFPS": 25000,
                                    "MinFPS": 1000
                                },
                                {
                                    "Width": 720,
                                    "Height": 576,
                                    "MaxFPS": 25000,
                                    "DefaultFPS": 25000,
                                    "MaxCBRTargetBitrate": 20480,
                                    "MinCBRTargetBitrate": 10,
                                    "DefaultCBRTargetBitrate": 1024,
                                    "MaxVBRTargetBitrate": 30720,
                                    "MinVBRTargetBitrate": 10,
                                    "DefaultVBRTargetBitrate": 1024,
                                    "IsTruncated": "Crop",
                                    "FrameLockMaxFPS": 25000,
                                    "MinFPS": 1000
                                },
                                {
                                    "Width": 720,
                                    "Height": 480,
                                    "MaxFPS": 25000,
                                    "DefaultFPS": 25000,
                                    "MaxCBRTargetBitrate": 20480,
                                    "MinCBRTargetBitrate": 10,
                                    "DefaultCBRTargetBitrate": 1024,
                                    "MaxVBRTargetBitrate": 30720,
                                    "MinVBRTargetBitrate": 10,
                                    "DefaultVBRTargetBitrate": 1024,
                                    "IsTruncated": "Crop",
                                    "FrameLockMaxFPS": 25000,
                                    "MinFPS": 1000
                                },
                                {
                                    "Width": 640,
                                    "Height": 480,
                                    "MaxFPS": 25000,
                                    "DefaultFPS": 25000,
                                    "MaxCBRTargetBitrate": 20480,
                                    "MinCBRTargetBitrate": 10,
                                    "DefaultCBRTargetBitrate": 1024,
                                    "MaxVBRTargetBitrate": 30720,
                                    "MinVBRTargetBitrate": 10,
                                    "DefaultVBRTargetBitrate": 1024,
                                    "IsTruncated": "Crop",
                                    "FrameLockMaxFPS": 25000,
                                    "MinFPS": 1000
                                },
                                {
                                    "Width": 640,
                                    "Height": 360,
                                    "MaxFPS": 25000,
                                    "DefaultFPS": 25000,
                                    "MaxCBRTargetBitrate": 20480,
                                    "MinCBRTargetBitrate": 10,
                                    "DefaultCBRTargetBitrate": 1024,
                                    "MaxVBRTargetBitrate": 30720,
                                    "MinVBRTargetBitrate": 10,
                                    "DefaultVBRTargetBitrate": 1024,
                                    "IsTruncated": "Normal",
                                    "FrameLockMaxFPS": 25000,
                                    "MinFPS": 1000
                                },
                                {
                                    "Width": 320,
                                    "Height": 240,
                                    "MaxFPS": 25000,
                                    "DefaultFPS": 25000,
                                    "MaxCBRTargetBitrate": 20480,
                                    "MinCBRTargetBitrate": 10,
                                    "DefaultCBRTargetBitrate": 512,
                                    "MaxVBRTargetBitrate": 30720,
                                    "MinVBRTargetBitrate": 10,
                                    "DefaultVBRTargetBitrate": 512,
                                    "IsTruncated": "Crop",
                                    "FrameLockMaxFPS": 25000,
                                    "MinFPS": 1000
                                }
                            ],
                            "Record": [
                                {
                                    "Width": 3840,
                                    "Height": 2160,
                                    "MaxFPS": 25000,
                                    "DefaultFPS": 25000,
                                    "MinCBRTargetBitrate": 10,
                                    "MaxCBRTargetBitrate": 6144,
                                    "DefaultCBRTargetBitrate": 5120,
                                    "MinVBRTargetBitrate": 10,
                                    "MaxVBRTargetBitrate": 6144,
                                    "DefaultVBRTargetBitrate": 5120,
                                    "FrameLockMaxFPS": 25000
                                },
                                {
                                    "Width": 3328,
                                    "Height": 1872,
                                    "MaxFPS": 25000,
                                    "DefaultFPS": 25000,
                                    "MinCBRTargetBitrate": 10,
                                    "MaxCBRTargetBitrate": 6144,
                                    "DefaultCBRTargetBitrate": 5120,
                                    "MinVBRTargetBitrate": 10,
                                    "MaxVBRTargetBitrate": 6144,
                                    "DefaultVBRTargetBitrate": 5120,
                                    "FrameLockMaxFPS": 25000
                                },
                                {
                                    "Width": 3072,
                                    "Height": 1728,
                                    "MaxFPS": 25000,
                                    "DefaultFPS": 25000,
                                    "MinCBRTargetBitrate": 10,
                                    "MaxCBRTargetBitrate": 6144,
                                    "DefaultCBRTargetBitrate": 5120,
                                    "MinVBRTargetBitrate": 10,
                                    "MaxVBRTargetBitrate": 6144,
                                    "DefaultVBRTargetBitrate": 5120,
                                    "FrameLockMaxFPS": 25000
                                },
                                {
                                    "Width": 2592,
                                    "Height": 1944,
                                    "MaxFPS": 25000,
                                    "DefaultFPS": 25000,
                                    "MinCBRTargetBitrate": 10,
                                    "MaxCBRTargetBitrate": 6144,
                                    "DefaultCBRTargetBitrate": 5120,
                                    "MinVBRTargetBitrate": 10,
                                    "MaxVBRTargetBitrate": 6144,
                                    "DefaultVBRTargetBitrate": 5120,
                                    "FrameLockMaxFPS": 25000
                                },
                                {
                                    "Width": 2688,
                                    "Height": 1520,
                                    "MaxFPS": 25000,
                                    "DefaultFPS": 25000,
                                    "MinCBRTargetBitrate": 10,
                                    "MaxCBRTargetBitrate": 6144,
                                    "DefaultCBRTargetBitrate": 5120,
                                    "MinVBRTargetBitrate": 10,
                                    "MaxVBRTargetBitrate": 6144,
                                    "DefaultVBRTargetBitrate": 5120,
                                    "FrameLockMaxFPS": 25000
                                },
                                {
                                    "Width": 1920,
                                    "Height": 1080,
                                    "MaxFPS": 25000,
                                    "DefaultFPS": 25000,
                                    "MinCBRTargetBitrate": 10,
                                    "MaxCBRTargetBitrate": 6144,
                                    "DefaultCBRTargetBitrate": 5120,
                                    "MinVBRTargetBitrate": 10,
                                    "MaxVBRTargetBitrate": 6144,
                                    "DefaultVBRTargetBitrate": 5120,
                                    "FrameLockMaxFPS": 25000
                                },
                                {
                                    "Width": 1600,
                                    "Height": 1200,
                                    "MaxFPS": 25000,
                                    "DefaultFPS": 25000,
                                    "MinCBRTargetBitrate": 10,
                                    "MaxCBRTargetBitrate": 6144,
                                    "DefaultCBRTargetBitrate": 5120,
                                    "MinVBRTargetBitrate": 10,
                                    "MaxVBRTargetBitrate": 6144,
                                    "DefaultVBRTargetBitrate": 5120,
                                    "FrameLockMaxFPS": 25000
                                },
                                {
                                    "Width": 1280,
                                    "Height": 1024,
                                    "MaxFPS": 25000,
                                    "DefaultFPS": 25000,
                                    "MinCBRTargetBitrate": 10,
                                    "MaxCBRTargetBitrate": 6144,
                                    "DefaultCBRTargetBitrate": 5120,
                                    "MinVBRTargetBitrate": 10,
                                    "MaxVBRTargetBitrate": 6144,
                                    "DefaultVBRTargetBitrate": 5120,
                                    "FrameLockMaxFPS": 25000
                                },
                                {
                                    "Width": 1280,
                                    "Height": 960,
                                    "MaxFPS": 25000,
                                    "DefaultFPS": 25000,
                                    "MinCBRTargetBitrate": 10,
                                    "MaxCBRTargetBitrate": 6144,
                                    "DefaultCBRTargetBitrate": 5120,
                                    "MinVBRTargetBitrate": 10,
                                    "MaxVBRTargetBitrate": 6144,
                                    "DefaultVBRTargetBitrate": 5120,
                                    "FrameLockMaxFPS": 25000
                                },
                                {
                                    "Width": 1280,
                                    "Height": 720,
                                    "MaxFPS": 25000,
                                    "DefaultFPS": 25000,
                                    "MinCBRTargetBitrate": 10,
                                    "MaxCBRTargetBitrate": 6144,
                                    "DefaultCBRTargetBitrate": 5120,
                                    "MinVBRTargetBitrate": 10,
                                    "MaxVBRTargetBitrate": 6144,
                                    "DefaultVBRTargetBitrate": 5120,
                                    "FrameLockMaxFPS": 25000
                                },
                                {
                                    "Width": 1024,
                                    "Height": 768,
                                    "MaxFPS": 25000,
                                    "DefaultFPS": 25000,
                                    "MinCBRTargetBitrate": 10,
                                    "MaxCBRTargetBitrate": 6144,
                                    "DefaultCBRTargetBitrate": 5120,
                                    "MinVBRTargetBitrate": 10,
                                    "MaxVBRTargetBitrate": 6144,
                                    "DefaultVBRTargetBitrate": 5120,
                                    "FrameLockMaxFPS": 25000
                                },
                                {
                                    "Width": 800,
                                    "Height": 600,
                                    "MaxFPS": 25000,
                                    "DefaultFPS": 25000,
                                    "MinCBRTargetBitrate": 10,
                                    "MaxCBRTargetBitrate": 6144,
                                    "DefaultCBRTargetBitrate": 5120,
                                    "MinVBRTargetBitrate": 10,
                                    "MaxVBRTargetBitrate": 6144,
                                    "DefaultVBRTargetBitrate": 5120,
                                    "FrameLockMaxFPS": 25000
                                },
                                {
                                    "Width": 800,
                                    "Height": 448,
                                    "MaxFPS": 25000,
                                    "DefaultFPS": 25000,
                                    "MinCBRTargetBitrate": 10,
                                    "MaxCBRTargetBitrate": 6144,
                                    "DefaultCBRTargetBitrate": 5120,
                                    "MinVBRTargetBitrate": 10,
                                    "MaxVBRTargetBitrate": 6144,
                                    "DefaultVBRTargetBitrate": 5120,
                                    "FrameLockMaxFPS": 25000
                                },
                                {
                                    "Width": 720,
                                    "Height": 576,
                                    "MaxFPS": 25000,
                                    "DefaultFPS": 25000,
                                    "MinCBRTargetBitrate": 10,
                                    "MaxCBRTargetBitrate": 6144,
                                    "DefaultCBRTargetBitrate": 5120,
                                    "MinVBRTargetBitrate": 10,
                                    "MaxVBRTargetBitrate": 6144,
                                    "DefaultVBRTargetBitrate": 5120,
                                    "FrameLockMaxFPS": 25000
                                },
                                {
                                    "Width": 720,
                                    "Height": 480,
                                    "MaxFPS": 25000,
                                    "DefaultFPS": 25000,
                                    "MinCBRTargetBitrate": 10,
                                    "MaxCBRTargetBitrate": 6144,
                                    "DefaultCBRTargetBitrate": 5120,
                                    "MinVBRTargetBitrate": 10,
                                    "MaxVBRTargetBitrate": 6144,
                                    "DefaultVBRTargetBitrate": 5120,
                                    "FrameLockMaxFPS": 25000
                                },
                                {
                                    "Width": 640,
                                    "Height": 480,
                                    "MaxFPS": 25000,
                                    "DefaultFPS": 25000,
                                    "MinCBRTargetBitrate": 10,
                                    "MaxCBRTargetBitrate": 6144,
                                    "DefaultCBRTargetBitrate": 5120,
                                    "MinVBRTargetBitrate": 10,
                                    "MaxVBRTargetBitrate": 6144,
                                    "DefaultVBRTargetBitrate": 5120,
                                    "FrameLockMaxFPS": 25000
                                },
                                {
                                    "Width": 640,
                                    "Height": 360,
                                    "MaxFPS": 25000,
                                    "DefaultFPS": 25000,
                                    "MinCBRTargetBitrate": 10,
                                    "MaxCBRTargetBitrate": 6144,
                                    "DefaultCBRTargetBitrate": 5120,
                                    "MinVBRTargetBitrate": 10,
                                    "MaxVBRTargetBitrate": 6144,
                                    "DefaultVBRTargetBitrate": 5120,
                                    "FrameLockMaxFPS": 25000
                                },
                                {
                                    "Width": 320,
                                    "Height": 240,
                                    "MaxFPS": 25000,
                                    "DefaultFPS": 25000,
                                    "MinCBRTargetBitrate": 10,
                                    "MaxCBRTargetBitrate": 6144,
                                    "DefaultCBRTargetBitrate": 5120,
                                    "MinVBRTargetBitrate": 10,
                                    "MaxVBRTargetBitrate": 6144,
                                    "DefaultVBRTargetBitrate": 5120,
                                    "FrameLockMaxFPS": 25000
                                }
                            ],
                            "DigitalPTZ": [
                                {
                                    "Width": 3840,
                                    "Height": 2160,
                                    "MaxFPS": 25000,
                                    "DefaultFPS": 25000,
                                    "MaxCBRTargetBitrate": 4000,
                                    "MinCBRTargetBitrate": 4000,
                                    "DefaultCBRTargetBitrate": 4000
                                },
                                {
                                    "Width": 3328,
                                    "Height": 1872,
                                    "MaxFPS": 25000,
                                    "DefaultFPS": 25000,
                                    "MaxCBRTargetBitrate": 4000,
                                    "MinCBRTargetBitrate": 4000,
                                    "DefaultCBRTargetBitrate": 4000
                                },
                                {
                                    "Width": 3072,
                                    "Height": 1728,
                                    "MaxFPS": 25000,
                                    "DefaultFPS": 25000,
                                    "MaxCBRTargetBitrate": 4000,
                                    "MinCBRTargetBitrate": 4000,
                                    "DefaultCBRTargetBitrate": 4000
                                },
                                {
                                    "Width": 1920,
                                    "Height": 1080,
                                    "MaxFPS": 25000,
                                    "DefaultFPS": 25000,
                                    "MaxCBRTargetBitrate": 4000,
                                    "MinCBRTargetBitrate": 4000,
                                    "DefaultCBRTargetBitrate": 4000
                                },
                                {
                                    "Width": 1280,
                                    "Height": 720,
                                    "MaxFPS": 25000,
                                    "DefaultFPS": 25000,
                                    "MaxCBRTargetBitrate": 4000,
                                    "MinCBRTargetBitrate": 4000,
                                    "DefaultCBRTargetBitrate": 4000
                                }
                            ]
                        },
                        {
                            "EncodingType": "H265",
                            "IsDigitalPTZSupported": true,
                            "Compression": {
                                "DefaultCompressionLevel": 16,
                                "MinCompressionLevel": 0,
                                "MaxCompressionLevel": 50
                            },
                            "General": [
                                {
                                    "Width": 3840,
                                    "Height": 2160,
                                    "MaxFPS": 25000,
                                    "DefaultFPS": 25000,
                                    "MaxCBRTargetBitrate": 20480,
                                    "MinCBRTargetBitrate": 10,
                                    "DefaultCBRTargetBitrate": 8192,
                                    "MaxVBRTargetBitrate": 30720,
                                    "MinVBRTargetBitrate": 10,
                                    "DefaultVBRTargetBitrate": 8192,
                                    "IsTruncated": "Normal",
                                    "FrameLockMaxFPS": 25000,
                                    "MinFPS": 1000
                                },
                                {
                                    "Width": 3328,
                                    "Height": 1872,
                                    "MaxFPS": 25000,
                                    "DefaultFPS": 25000,
                                    "MaxCBRTargetBitrate": 20480,
                                    "MinCBRTargetBitrate": 10,
                                    "DefaultCBRTargetBitrate": 6144,
                                    "MaxVBRTargetBitrate": 30720,
                                    "MinVBRTargetBitrate": 10,
                                    "DefaultVBRTargetBitrate": 6144,
                                    "IsTruncated": "Normal",
                                    "FrameLockMaxFPS": 25000,
                                    "MinFPS": 1000
                                },
                                {
                                    "Width": 3072,
                                    "Height": 1728,
                                    "MaxFPS": 25000,
                                    "DefaultFPS": 25000,
                                    "MaxCBRTargetBitrate": 20480,
                                    "MinCBRTargetBitrate": 10,
                                    "DefaultCBRTargetBitrate": 6144,
                                    "MaxVBRTargetBitrate": 30720,
                                    "MinVBRTargetBitrate": 10,
                                    "DefaultVBRTargetBitrate": 6144,
                                    "IsTruncated": "Normal",
                                    "FrameLockMaxFPS": 25000,
                                    "MinFPS": 1000
                                },
                                {
                                    "Width": 2592,
                                    "Height": 1944,
                                    "MaxFPS": 25000,
                                    "DefaultFPS": 25000,
                                    "MaxCBRTargetBitrate": 20480,
                                    "MinCBRTargetBitrate": 10,
                                    "DefaultCBRTargetBitrate": 5120,
                                    "MaxVBRTargetBitrate": 30720,
                                    "MinVBRTargetBitrate": 10,
                                    "DefaultVBRTargetBitrate": 5120,
                                    "IsTruncated": "Crop",
                                    "FrameLockMaxFPS": 25000,
                                    "MinFPS": 1000
                                },
                                {
                                    "Width": 2688,
                                    "Height": 1520,
                                    "MaxFPS": 25000,
                                    "DefaultFPS": 25000,
                                    "MaxCBRTargetBitrate": 20480,
                                    "MinCBRTargetBitrate": 10,
                                    "DefaultCBRTargetBitrate": 5120,
                                    "MaxVBRTargetBitrate": 30720,
                                    "MinVBRTargetBitrate": 10,
                                    "DefaultVBRTargetBitrate": 5120,
                                    "IsTruncated": "Crop",
                                    "FrameLockMaxFPS": 25000,
                                    "MinFPS": 1000
                                },
                                {
                                    "Width": 1920,
                                    "Height": 1080,
                                    "MaxFPS": 25000,
                                    "DefaultFPS": 25000,
                                    "MaxCBRTargetBitrate": 20480,
                                    "MinCBRTargetBitrate": 10,
                                    "DefaultCBRTargetBitrate": 2048,
                                    "MaxVBRTargetBitrate": 30720,
                                    "MinVBRTargetBitrate": 10,
                                    "DefaultVBRTargetBitrate": 2048,
                                    "IsTruncated": "Normal",
                                    "FrameLockMaxFPS": 25000,
                                    "MinFPS": 1000
                                },
                                {
                                    "Width": 1600,
                                    "Height": 1200,
                                    "MaxFPS": 25000,
                                    "DefaultFPS": 25000,
                                    "MaxCBRTargetBitrate": 20480,
                                    "MinCBRTargetBitrate": 10,
                                    "DefaultCBRTargetBitrate": 2048,
                                    "MaxVBRTargetBitrate": 30720,
                                    "MinVBRTargetBitrate": 10,
                                    "DefaultVBRTargetBitrate": 2048,
                                    "IsTruncated": "Crop",
                                    "FrameLockMaxFPS": 25000,
                                    "MinFPS": 1000
                                },
                                {
                                    "Width": 1280,
                                    "Height": 1024,
                                    "MaxFPS": 25000,
                                    "DefaultFPS": 25000,
                                    "MaxCBRTargetBitrate": 20480,
                                    "MinCBRTargetBitrate": 10,
                                    "DefaultCBRTargetBitrate": 1536,
                                    "MaxVBRTargetBitrate": 30720,
                                    "MinVBRTargetBitrate": 10,
                                    "DefaultVBRTargetBitrate": 1536,
                                    "IsTruncated": "Crop",
                                    "FrameLockMaxFPS": 25000,
                                    "MinFPS": 1000
                                },
                                {
                                    "Width": 1280,
                                    "Height": 960,
                                    "MaxFPS": 25000,
                                    "DefaultFPS": 25000,
                                    "MaxCBRTargetBitrate": 20480,
                                    "MinCBRTargetBitrate": 10,
                                    "DefaultCBRTargetBitrate": 1536,
                                    "MaxVBRTargetBitrate": 30720,
                                    "MinVBRTargetBitrate": 10,
                                    "DefaultVBRTargetBitrate": 1536,
                                    "IsTruncated": "Crop",
                                    "FrameLockMaxFPS": 25000,
                                    "MinFPS": 1000
                                },
                                {
                                    "Width": 1280,
                                    "Height": 720,
                                    "MaxFPS": 25000,
                                    "DefaultFPS": 25000,
                                    "MaxCBRTargetBitrate": 20480,
                                    "MinCBRTargetBitrate": 10,
                                    "DefaultCBRTargetBitrate": 1536,
                                    "MaxVBRTargetBitrate": 30720,
                                    "MinVBRTargetBitrate": 10,
                                    "DefaultVBRTargetBitrate": 1536,
                                    "IsTruncated": "Normal",
                                    "FrameLockMaxFPS": 25000,
                                    "MinFPS": 1000
                                },
                                {
                                    "Width": 1024,
                                    "Height": 768,
                                    "MaxFPS": 25000,
                                    "DefaultFPS": 25000,
                                    "MaxCBRTargetBitrate": 20480,
                                    "MinCBRTargetBitrate": 10,
                                    "DefaultCBRTargetBitrate": 1536,
                                    "MaxVBRTargetBitrate": 30720,
                                    "MinVBRTargetBitrate": 10,
                                    "DefaultVBRTargetBitrate": 1536,
                                    "IsTruncated": "Crop",
                                    "FrameLockMaxFPS": 25000,
                                    "MinFPS": 1000
                                },
                                {
                                    "Width": 800,
                                    "Height": 600,
                                    "MaxFPS": 25000,
                                    "DefaultFPS": 25000,
                                    "MaxCBRTargetBitrate": 20480,
                                    "MinCBRTargetBitrate": 10,
                                    "DefaultCBRTargetBitrate": 1024,
                                    "MaxVBRTargetBitrate": 30720,
                                    "MinVBRTargetBitrate": 10,
                                    "DefaultVBRTargetBitrate": 1024,
                                    "IsTruncated": "Crop",
                                    "FrameLockMaxFPS": 25000,
                                    "MinFPS": 1000
                                },
                                {
                                    "Width": 800,
                                    "Height": 448,
                                    "MaxFPS": 25000,
                                    "DefaultFPS": 25000,
                                    "MaxCBRTargetBitrate": 20480,
                                    "MinCBRTargetBitrate": 10,
                                    "DefaultCBRTargetBitrate": 1024,
                                    "MaxVBRTargetBitrate": 30720,
                                    "MinVBRTargetBitrate": 10,
                                    "DefaultVBRTargetBitrate": 1024,
                                    "IsTruncated": "Normal",
                                    "FrameLockMaxFPS": 25000,
                                    "MinFPS": 1000
                                },
                                {
                                    "Width": 720,
                                    "Height": 576,
                                    "MaxFPS": 25000,
                                    "DefaultFPS": 25000,
                                    "MaxCBRTargetBitrate": 20480,
                                    "MinCBRTargetBitrate": 10,
                                    "DefaultCBRTargetBitrate": 1024,
                                    "MaxVBRTargetBitrate": 30720,
                                    "MinVBRTargetBitrate": 10,
                                    "DefaultVBRTargetBitrate": 1024,
                                    "IsTruncated": "Crop",
                                    "FrameLockMaxFPS": 25000,
                                    "MinFPS": 1000
                                },
                                {
                                    "Width": 720,
                                    "Height": 480,
                                    "MaxFPS": 25000,
                                    "DefaultFPS": 25000,
                                    "MaxCBRTargetBitrate": 20480,
                                    "MinCBRTargetBitrate": 10,
                                    "DefaultCBRTargetBitrate": 1024,
                                    "MaxVBRTargetBitrate": 30720,
                                    "MinVBRTargetBitrate": 10,
                                    "DefaultVBRTargetBitrate": 1024,
                                    "IsTruncated": "Crop",
                                    "FrameLockMaxFPS": 25000,
                                    "MinFPS": 1000
                                },
                                {
                                    "Width": 640,
                                    "Height": 480,
                                    "MaxFPS": 25000,
                                    "DefaultFPS": 25000,
                                    "MaxCBRTargetBitrate": 20480,
                                    "MinCBRTargetBitrate": 10,
                                    "DefaultCBRTargetBitrate": 1024,
                                    "MaxVBRTargetBitrate": 30720,
                                    "MinVBRTargetBitrate": 10,
                                    "DefaultVBRTargetBitrate": 1024,
                                    "IsTruncated": "Crop",
                                    "FrameLockMaxFPS": 25000,
                                    "MinFPS": 1000
                                },
                                {
                                    "Width": 640,
                                    "Height": 360,
                                    "MaxFPS": 25000,
                                    "DefaultFPS": 25000,
                                    "MaxCBRTargetBitrate": 20480,
                                    "MinCBRTargetBitrate": 10,
                                    "DefaultCBRTargetBitrate": 1024,
                                    "MaxVBRTargetBitrate": 30720,
                                    "MinVBRTargetBitrate": 10,
                                    "DefaultVBRTargetBitrate": 1024,
                                    "IsTruncated": "Normal",
                                    "FrameLockMaxFPS": 25000,
                                    "MinFPS": 1000
                                },
                                {
                                    "Width": 320,
                                    "Height": 240,
                                    "MaxFPS": 25000,
                                    "DefaultFPS": 25000,
                                    "MaxCBRTargetBitrate": 20480,
                                    "MinCBRTargetBitrate": 10,
                                    "DefaultCBRTargetBitrate": 512,
                                    "MaxVBRTargetBitrate": 30720,
                                    "MinVBRTargetBitrate": 10,
                                    "DefaultVBRTargetBitrate": 512,
                                    "IsTruncated": "Crop",
                                    "FrameLockMaxFPS": 25000,
                                    "MinFPS": 1000
                                }
                            ],
                            "Record": [
                                {
                                    "Width": 3840,
                                    "Height": 2160,
                                    "MaxFPS": 25000,
                                    "DefaultFPS": 25000,
                                    "MinCBRTargetBitrate": 10,
                                    "MaxCBRTargetBitrate": 6144,
                                    "DefaultCBRTargetBitrate": 5120,
                                    "MinVBRTargetBitrate": 10,
                                    "MaxVBRTargetBitrate": 6144,
                                    "DefaultVBRTargetBitrate": 5120,
                                    "FrameLockMaxFPS": 25000
                                },
                                {
                                    "Width": 3328,
                                    "Height": 1872,
                                    "MaxFPS": 25000,
                                    "DefaultFPS": 25000,
                                    "MinCBRTargetBitrate": 10,
                                    "MaxCBRTargetBitrate": 6144,
                                    "DefaultCBRTargetBitrate": 5120,
                                    "MinVBRTargetBitrate": 10,
                                    "MaxVBRTargetBitrate": 6144,
                                    "DefaultVBRTargetBitrate": 5120,
                                    "FrameLockMaxFPS": 25000
                                },
                                {
                                    "Width": 3072,
                                    "Height": 1728,
                                    "MaxFPS": 25000,
                                    "DefaultFPS": 25000,
                                    "MinCBRTargetBitrate": 10,
                                    "MaxCBRTargetBitrate": 6144,
                                    "DefaultCBRTargetBitrate": 5120,
                                    "MinVBRTargetBitrate": 10,
                                    "MaxVBRTargetBitrate": 6144,
                                    "DefaultVBRTargetBitrate": 5120,
                                    "FrameLockMaxFPS": 25000
                                },
                                {
                                    "Width": 2592,
                                    "Height": 1944,
                                    "MaxFPS": 25000,
                                    "DefaultFPS": 25000,
                                    "MinCBRTargetBitrate": 10,
                                    "MaxCBRTargetBitrate": 6144,
                                    "DefaultCBRTargetBitrate": 5120,
                                    "MinVBRTargetBitrate": 10,
                                    "MaxVBRTargetBitrate": 6144,
                                    "DefaultVBRTargetBitrate": 5120,
                                    "FrameLockMaxFPS": 25000
                                },
                                {
                                    "Width": 2688,
                                    "Height": 1520,
                                    "MaxFPS": 25000,
                                    "DefaultFPS": 25000,
                                    "MinCBRTargetBitrate": 10,
                                    "MaxCBRTargetBitrate": 6144,
                                    "DefaultCBRTargetBitrate": 5120,
                                    "MinVBRTargetBitrate": 10,
                                    "MaxVBRTargetBitrate": 6144,
                                    "DefaultVBRTargetBitrate": 5120,
                                    "FrameLockMaxFPS": 25000
                                },
                                {
                                    "Width": 1920,
                                    "Height": 1080,
                                    "MaxFPS": 25000,
                                    "DefaultFPS": 25000,
                                    "MinCBRTargetBitrate": 10,
                                    "MaxCBRTargetBitrate": 6144,
                                    "DefaultCBRTargetBitrate": 5120,
                                    "MinVBRTargetBitrate": 10,
                                    "MaxVBRTargetBitrate": 6144,
                                    "DefaultVBRTargetBitrate": 5120,
                                    "FrameLockMaxFPS": 25000
                                },
                                {
                                    "Width": 1600,
                                    "Height": 1200,
                                    "MaxFPS": 25000,
                                    "DefaultFPS": 25000,
                                    "MinCBRTargetBitrate": 10,
                                    "MaxCBRTargetBitrate": 6144,
                                    "DefaultCBRTargetBitrate": 5120,
                                    "MinVBRTargetBitrate": 10,
                                    "MaxVBRTargetBitrate": 6144,
                                    "DefaultVBRTargetBitrate": 5120,
                                    "FrameLockMaxFPS": 25000
                                },
                                {
                                    "Width": 1280,
                                    "Height": 1024,
                                    "MaxFPS": 25000,
                                    "DefaultFPS": 25000,
                                    "MinCBRTargetBitrate": 10,
                                    "MaxCBRTargetBitrate": 6144,
                                    "DefaultCBRTargetBitrate": 5120,
                                    "MinVBRTargetBitrate": 10,
                                    "MaxVBRTargetBitrate": 6144,
                                    "DefaultVBRTargetBitrate": 5120,
                                    "FrameLockMaxFPS": 25000
                                },
                                {
                                    "Width": 1280,
                                    "Height": 960,
                                    "MaxFPS": 25000,
                                    "DefaultFPS": 25000,
                                    "MinCBRTargetBitrate": 10,
                                    "MaxCBRTargetBitrate": 6144,
                                    "DefaultCBRTargetBitrate": 5120,
                                    "MinVBRTargetBitrate": 10,
                                    "MaxVBRTargetBitrate": 6144,
                                    "DefaultVBRTargetBitrate": 5120,
                                    "FrameLockMaxFPS": 25000
                                },
                                {
                                    "Width": 1280,
                                    "Height": 720,
                                    "MaxFPS": 25000,
                                    "DefaultFPS": 25000,
                                    "MinCBRTargetBitrate": 10,
                                    "MaxCBRTargetBitrate": 6144,
                                    "DefaultCBRTargetBitrate": 5120,
                                    "MinVBRTargetBitrate": 10,
                                    "MaxVBRTargetBitrate": 6144,
                                    "DefaultVBRTargetBitrate": 5120,
                                    "FrameLockMaxFPS": 25000
                                },
                                {
                                    "Width": 1024,
                                    "Height": 768,
                                    "MaxFPS": 25000,
                                    "DefaultFPS": 25000,
                                    "MinCBRTargetBitrate": 10,
                                    "MaxCBRTargetBitrate": 6144,
                                    "DefaultCBRTargetBitrate": 5120,
                                    "MinVBRTargetBitrate": 10,
                                    "MaxVBRTargetBitrate": 6144,
                                    "DefaultVBRTargetBitrate": 5120,
                                    "FrameLockMaxFPS": 25000
                                },
                                {
                                    "Width": 800,
                                    "Height": 600,
                                    "MaxFPS": 25000,
                                    "DefaultFPS": 25000,
                                    "MinCBRTargetBitrate": 10,
                                    "MaxCBRTargetBitrate": 6144,
                                    "DefaultCBRTargetBitrate": 5120,
                                    "MinVBRTargetBitrate": 10,
                                    "MaxVBRTargetBitrate": 6144,
                                    "DefaultVBRTargetBitrate": 5120,
                                    "FrameLockMaxFPS": 25000
                                },
                                {
                                    "Width": 800,
                                    "Height": 448,
                                    "MaxFPS": 25000,
                                    "DefaultFPS": 25000,
                                    "MinCBRTargetBitrate": 10,
                                    "MaxCBRTargetBitrate": 6144,
                                    "DefaultCBRTargetBitrate": 5120,
                                    "MinVBRTargetBitrate": 10,
                                    "MaxVBRTargetBitrate": 6144,
                                    "DefaultVBRTargetBitrate": 5120,
                                    "FrameLockMaxFPS": 25000
                                },
                                {
                                    "Width": 720,
                                    "Height": 576,
                                    "MaxFPS": 25000,
                                    "DefaultFPS": 25000,
                                    "MinCBRTargetBitrate": 10,
                                    "MaxCBRTargetBitrate": 6144,
                                    "DefaultCBRTargetBitrate": 5120,
                                    "MinVBRTargetBitrate": 10,
                                    "MaxVBRTargetBitrate": 6144,
                                    "DefaultVBRTargetBitrate": 5120,
                                    "FrameLockMaxFPS": 25000
                                },
                                {
                                    "Width": 720,
                                    "Height": 480,
                                    "MaxFPS": 25000,
                                    "DefaultFPS": 25000,
                                    "MinCBRTargetBitrate": 10,
                                    "MaxCBRTargetBitrate": 6144,
                                    "DefaultCBRTargetBitrate": 5120,
                                    "MinVBRTargetBitrate": 10,
                                    "MaxVBRTargetBitrate": 6144,
                                    "DefaultVBRTargetBitrate": 5120,
                                    "FrameLockMaxFPS": 25000
                                },
                                {
                                    "Width": 640,
                                    "Height": 480,
                                    "MaxFPS": 25000,
                                    "DefaultFPS": 25000,
                                    "MinCBRTargetBitrate": 10,
                                    "MaxCBRTargetBitrate": 6144,
                                    "DefaultCBRTargetBitrate": 5120,
                                    "MinVBRTargetBitrate": 10,
                                    "MaxVBRTargetBitrate": 6144,
                                    "DefaultVBRTargetBitrate": 5120,
                                    "FrameLockMaxFPS": 25000
                                },
                                {
                                    "Width": 640,
                                    "Height": 360,
                                    "MaxFPS": 25000,
                                    "DefaultFPS": 25000,
                                    "MinCBRTargetBitrate": 10,
                                    "MaxCBRTargetBitrate": 6144,
                                    "DefaultCBRTargetBitrate": 5120,
                                    "MinVBRTargetBitrate": 10,
                                    "MaxVBRTargetBitrate": 6144,
                                    "DefaultVBRTargetBitrate": 5120,
                                    "FrameLockMaxFPS": 25000
                                },
                                {
                                    "Width": 320,
                                    "Height": 240,
                                    "MaxFPS": 25000,
                                    "DefaultFPS": 25000,
                                    "MinCBRTargetBitrate": 10,
                                    "MaxCBRTargetBitrate": 6144,
                                    "DefaultCBRTargetBitrate": 5120,
                                    "MinVBRTargetBitrate": 10,
                                    "MaxVBRTargetBitrate": 6144,
                                    "DefaultVBRTargetBitrate": 5120,
                                    "FrameLockMaxFPS": 25000
                                }
                            ],
                            "DigitalPTZ": [
                                {
                                    "Width": 3840,
                                    "Height": 2160,
                                    "MaxFPS": 25000,
                                    "DefaultFPS": 25000,
                                    "MaxCBRTargetBitrate": 4000,
                                    "MinCBRTargetBitrate": 4000,
                                    "DefaultCBRTargetBitrate": 4000
                                },
                                {
                                    "Width": 3328,
                                    "Height": 1872,
                                    "MaxFPS": 25000,
                                    "DefaultFPS": 25000,
                                    "MaxCBRTargetBitrate": 4000,
                                    "MinCBRTargetBitrate": 4000,
                                    "DefaultCBRTargetBitrate": 4000
                                },
                                {
                                    "Width": 3072,
                                    "Height": 1728,
                                    "MaxFPS": 25000,
                                    "DefaultFPS": 25000,
                                    "MaxCBRTargetBitrate": 4000,
                                    "MinCBRTargetBitrate": 4000,
                                    "DefaultCBRTargetBitrate": 4000
                                },
                                {
                                    "Width": 1920,
                                    "Height": 1080,
                                    "MaxFPS": 25000,
                                    "DefaultFPS": 25000,
                                    "MaxCBRTargetBitrate": 4000,
                                    "MinCBRTargetBitrate": 4000,
                                    "DefaultCBRTargetBitrate": 4000
                                },
                                {
                                    "Width": 1280,
                                    "Height": 720,
                                    "MaxFPS": 25000,
                                    "DefaultFPS": 25000,
                                    "MaxCBRTargetBitrate": 4000,
                                    "MinCBRTargetBitrate": 4000,
                                    "DefaultCBRTargetBitrate": 4000
                                }
                            ]
                        }
                    ]
                }
            ]
        }
    ]
}