{
    "VideoProfiles": [
        {
            "Channel": 0,
            "Profiles": [
                {
                    "Profile": 1,
                    "Name": "MJPEG",
                    "EncodingType": "MJPEG",
                    "RTPMulticastEnable": false,
                    "RTPMulticastType": "IPV4",
                    "RTPMulticastAddress": "",
                    "RTPMulticastAddressIPv6": "",
                    "RTPMulticastPort": 0,
                    "RTPMulticastTTL": 5,
                    "Resolution": "3840x2160",
                    "FrameRate": 1,
                    "CompressionLevel": 16,
                    "Bitrate": 6144,
                    "PriorityType": "Bitrate",
                    "AudioInputEnable": false,
                    "ViewModeType": "Overview",
                    "IsFixedProfile": true,
                    "ProfileToken": "DefaultProfile-01-0"
                },
                {
                    "Profile": 2,
                    "Name": "H.264",
                    "EncodingType": "H264",
                    "RTPMulticastEnable": false,
                    "RTPMulticastType": "IPV4",
                    "RTPMulticastAddress": "",
                    "RTPMulticastAddressIPv6": "",
                    "RTPMulticastPort": 0,
                    "RTPMulticastTTL": 5,
                    "Resolution": "3840x2160",
                    "FrameRate": 25,
                    "CompressionLevel": 16,
                    "Bitrate": 12288,
                    "H264": {
                        "BitrateControlType": "VBR",
                        "PriorityType": "FrameRate",
                        "GOVLength": 50,
                        "Profile": "High",
                        "EntropyCoding": "CABAC",
                        "SmartCodecEnable": false,
                        "MaxGOVLength": 200,
                        "MinGOVLength": 1,
                        "DynamicFPSEnable": false,
                        "MinDynamicFPS": 1,
                        "DynamicGOVEnable": false,
                        "DynamicGOVLength": 200,
                        "MaxDynamicGOVLength": 400
                    },
                    "AudioInputEnable": false,
                    "ViewModeType": "Overview",
                    "IsFixedProfile": true,
                    "IsDigitalPTZProfile": false,
                    "ProfileToken": "DefaultProfile-02-0",
                    "IsFixedFrameRateProfile": false
                },
                {
                    "Profile": 3,
                    "Name": "H.265",
                    "EncodingType": "H265",
                    "RTPMulticastEnable": false,
                    "RTPMulticastType": "IPV4",
                    "RTPMulticastAddress": "",
                    "RTPMulticastAddressIPv6": "",
                    "RTPMulticastPort": 0,
                    "RTPMulticastTTL": 5,
                    "Resolution": "3840x2160",
                    "FrameRate": 25,
                    "CompressionLevel": 16,
                    "Bitrate": 8192,
                    "H265": {
                        "BitrateControlType": "VBR",
                        "PriorityType": "FrameRate",
                        "GOVLength": 50,
                        "Profile": "Main",
                        "EntropyCoding": "CABAC",
                        "SmartCodecEnable": false,
                        "MaxGOVLength": 200,
                        "MinGOVLength": 1,
                        "DynamicFPSEnable": false,
                        "MinDynamicFPS": 1,
                        "DynamicGOVEnable": false,
                        "DynamicGOVLength": 200,
                        "MaxDynamicGOVLength": 400
                    },
                    "AudioInputEnable": false,
                    "ViewModeType": "Overview",
                    "IsFixedProfile": true,
                    "IsDigitalPTZProfile": false,
                    "ProfileToken": "DefaultProfile-03-0",
                    "IsFixedFrameRateProfile": false
                },
                {
                    "Profile": 4,
                    "Name": "PnxPrimary",
                    "EncodingType": "H264",
                    "RTPMulticastEnable": false,
                    "RTPMulticastType": "IPV4",
                    "RTPMulticastAddress": "",
                    "RTPMulticastAddressIPv6": "",
                    "RTPMulticastPort": 0,
                    "RTPMulticastTTL": 5,
                    "Resolution": "3328x1872",
                    "FrameRate": 15,
                    "CompressionLevel": 16,
                    "Bitrate": 9216,
                    "H264": {
                        "BitrateControlType": "VBR",
                        "PriorityType": "FrameRate",
                        "GOVLength": 30,
                        "Profile": "High",
                        "EntropyCoding": "CABAC",
                        "SmartCodecEnable": false,
                        "MaxGOVLength": 120,
                        "MinGOVLength": 1,
                        "DynamicFPSEnable": false,
                        "MinDynamicFPS": 15,
                        "DynamicGOVEnable": false,
                        "DynamicGOVLength": 120,
                        "MaxDynamicGOVLength": 240
                    },
                    "AudioInputEnable": false,
                    "ViewModeType": "Overview",
                    "IsFixedProfile": false,
                    "IsDigitalPTZProfile": false,
                    "ProfileToken": "e000491d-a5a3-4d78-a9bf-6be420ba7403",
                    "IsFixedFrameRateProfile": false
                },
                {
                    "Profile": 5,
                    "Name": "PnxSecondary",
                    "EncodingType": "H264",
                    "RTPMulticastEnable": false,
                    "RTPMulticastType": "IPV4",
                    "RTPMulticastAddress": "",
                    "RTPMulticastAddressIPv6": "",
                    "RTPMulticastPort": 0,
                    "RTPMulticastTTL": 5,
                    "Resolution": "640x360",
                    "FrameRate": 7,
                    "CompressionLevel": 16,
                    "Bitrate": 512,
                    "H264": {
                        "BitrateControlType": "VBR",
                        "PriorityType": "FrameRate",
                        "GOVLength": 14,
                        "Profile": "High",
                        "EntropyCoding": "CABAC",
                        "SmartCodecEnable": false,
                        "MaxGOVLength": 56,
                        "MinGOVLength": 1,
                        "DynamicFPSEnable": false,
                        "MinDynamicFPS": 7,
                        "DynamicGOVEnable": false,
                        "DynamicGOVLength": 112,
                        "MaxDynamicGOVLength": 112
                    },
                    "AudioInputEnable": false,
                    "ViewModeType": "Overview",
                    "IsFixedProfile": false,
                    "IsDigitalPTZProfile": false,
                    "ProfileToken": "e9f0c8b0-7e2e-4ea5-a78a-b85869483efb",
                    "IsFixedFrameRateProfile": false
                },
                {
                    "Profile": 10,
                    "Name": "MOBILE",
                    "EncodingType": "H264",
                    "RTPMulticastEnable": false,
                    "RTPMulticastType": "IPV4",
                    "RTPMulticastAddress": "",
                    "RTPMulticastAddressIPv6": "",
                    "RTPMulticastPort": 0,
                    "RTPMulticastTTL": 5,
                    "Resolution": "320x240",
                    "FrameRate": 10,
                    "CompressionLevel": 16,
                    "Bitrate": 2048,
                    "H264": {
                        "BitrateControlType": "VBR",
                        "PriorityType": "FrameRate",
                        "GOVLength": 20,
                        "Profile": "High",
                        "EntropyCoding": "CABAC",
                        "SmartCodecEnable": false,
                        "MaxGOVLength": 80,
                        "MinGOVLength": 1,
                        "DynamicFPSEnable": false,
                        "MinDynamicFPS": 1,
                        "DynamicGOVEnable": false,
                        "DynamicGOVLength": 80,
                        "MaxDynamicGOVLength": 160
                    },
                    "AudioInputEnable": false,
                    "ViewModeType": "Overview",
                    "IsFixedProfile": false,
                    "IsDigitalPTZProfile": false,
                    "ProfileToken": "DefaultProfile-04-0",
                    "IsFixedFrameRateProfile": false
                }
            ]
        }
    ]
}